ID,Name,Year,Rank,Average,Bayes average,Users rated,URL,Thumbnail
224517,Brass: Birmingham,2018,1,8.63,8.428,36632,/boardgame/224517/brass-birmingham,https://cf.geekdo-images.com/x3zxjr-Vw5iU4yDPg70Jgw__micro/img/4Od3GYCiqptga0VbmyumPbJlBsU=/fit-in/64x64/filters:strip_icc()/pic3490053.jpg
161936,Pandemic Legacy: Season 1,2015,2,8.55,8.398,49800,/boardgame/161936/pandemic-legacy-season-1,https://cf.geekdo-images.com/-Qer2BBPG7qGGDu6KcVDIw__micro/img/n6-sXYD6XXZoqIxq4P6AG7VPCuA=/fit-in/64x64/filters:strip_icc()/pic2452831.png
174430,Gloomhaven,2017,3,8.63,8.396,57065,/boardgame/174430/gloomhaven,https://cf.geekdo-images.com/sZYp_3BTDGjh2unaZfZmuA__micro/img/sQyh47ClBO3d5sxPm73hMvM-JV4=/fit-in/64x64/filters:strip_icc()/pic2437871.jpg
342942,Ark Nova,2021,4,8.55,8.292,27186,/boardgame/342942/ark-nova,https://cf.geekdo-images.com/SoU8p28Sk1s8MSvoM4N8pQ__micro/img/LSAi1pmhbTbWwtBrziutDOXzfdY=/fit-in/64x64/filters:strip_icc()/pic6293412.jpg
233078,Twilight Imperium: Fourth Edition,2017,5,8.63,8.244,20176,/boardgame/233078/twilight-imperium-fourth-edition,https://cf.geekdo-images.com/_Ppn5lssO5OaildSE-FgFA__micro/img/2gymaKs35_2yj7eyyA6cYyVmd9c=/fit-in/64x64/filters:strip_icc()/pic3727516.jpg
167791,Terraforming Mars,2016,6,8.38,8.239,87735,/boardgame/167791/terraforming-mars,https://cf.geekdo-images.com/wg9oOLcsKvDesSUdZQ4rxw__micro/img/LUkXZhd1TO80eCiXMD3-KfnzA6k=/fit-in/64x64/filters:strip_icc()/pic3536616.jpg
291457,Gloomhaven: Jaws of the Lion,2020,7,8.52,8.217,27040,/boardgame/291457/gloomhaven-jaws-lion,https://cf.geekdo-images.com/_HhIdavYW-hid20Iq3hhmg__micro/img/OdKjWiFsNvQAfJfXXSITttiozWE=/fit-in/64x64/filters:strip_icc()/pic5055631.jpg
115746,War of the Ring: Second Edition,2011,8,8.53,8.166,18544,/boardgame/115746/war-ring-second-edition,https://cf.geekdo-images.com/ImPgGag98W6gpV1KV812aA__micro/img/NT-Av_3kdYUcwuti5ocmIQXow3g=/fit-in/64x64/filters:strip_icc()/pic1215633.jpg
187645,Star Wars: Rebellion,2016,9,8.42,8.165,29290,/boardgame/187645/star-wars-rebellion,https://cf.geekdo-images.com/7SrPNGBKg9IIsP4UQpOi8g__micro/img/nEvTiCkWpT-ymH4bstc9c335TtQ=/fit-in/64x64/filters:strip_icc()/pic4325841.jpg
162886,Spirit Island,2017,10,8.36,8.155,42559,/boardgame/162886/spirit-island,https://cf.geekdo-images.com/kjCm4ZvPjIZxS-mYgSPy1g__micro/img/sRPer5FmBxyV527MY67P-gM7ukg=/fit-in/64x64/filters:strip_icc()/pic7013651.jpg
220308,Gaia Project,2017,11,8.42,8.149,23782,/boardgame/220308/gaia-project,https://cf.geekdo-images.com/hGWFm3hbMlCDsfCsauOQ4g__micro/img/odWj2bEnZi9dEcQQrOtYj1e0QLE=/fit-in/64x64/filters:strip_icc()/pic5375625.png
316554,Dune: Imperium,2020,12,8.38,8.14,31448,/boardgame/316554/dune-imperium,https://cf.geekdo-images.com/PhjygpWSo-0labGrPBMyyg__micro/img/mfU7-dEFnVyXJrF-BWAO0buexao=/fit-in/64x64/filters:strip_icc()/pic5666597.jpg
182028,Through the Ages: A New Story of Civilization,2015,13,8.33,8.097,29008,/boardgame/182028/through-ages-new-story-civilization,https://cf.geekdo-images.com/fVwPntkJKgaEo0rIC0RwpA__micro/img/77dZJpqtydc8TTecl0ReGF7iAVw=/fit-in/64x64/filters:strip_icc()/pic2663291.jpg
12333,Twilight Struggle,2005,14,8.26,8.087,46119,/boardgame/12333/twilight-struggle,https://cf.geekdo-images.com/pNCiUUphnoeWOYfsWq0kng__micro/img/ZlfJiIATIt5MY7xWSMzFmdygaa0=/fit-in/64x64/filters:strip_icc()/pic3530661.jpg
193738,Great Western Trail,2016,15,8.24,8.078,37824,/boardgame/193738/great-western-trail,https://cf.geekdo-images.com/u1l0gH7sb_vnvDvoO_QHqA__micro/img/xeShpQfbj4L1id-ItJbfIYVzgyA=/fit-in/64x64/filters:strip_icc()/pic4887376.jpg
169786,Scythe,2016,16,8.18,8.025,74989,/boardgame/169786/scythe,https://cf.geekdo-images.com/7k_nOxpO9OGIjhLq2BUZdA__micro/img/ETplc22GdhlN5u0mppcDxSP8LVk=/fit-in/64x64/filters:strip_icc()/pic3163924.jpg
84876,The Castles of Burgundy,2011,17,8.13,8.006,56890,/boardgame/84876/castles-burgundy,https://cf.geekdo-images.com/5CFwjd8zTcGYVUnkXh04hw__micro/img/N1VrEUaW6bmwnqbZfi2nRScwGxM=/fit-in/64x64/filters:strip_icc()/pic1176894.jpg
173346,7 Wonders Duel,2015,18,8.1,7.975,82784,/boardgame/173346/7-wonders-duel,https://cf.geekdo-images.com/zdagMskTF7wJBPjX74XsRw__micro/img/nXtpcw3tYaelntFHb1aH4YrN7Wk=/fit-in/64x64/filters:strip_icc()/pic2576399.jpg
167355,Nemesis,2018,19,8.32,7.975,25099,/boardgame/167355/nemesis,https://cf.geekdo-images.com/tAqLpWxQ0Oo3GaPP3MER1g__micro/img/tivhH093LwCowK-_S7bVF_xha34=/fit-in/64x64/filters:strip_icc()/pic5073276.jpg
28720,Brass: Lancashire,2007,20,8.19,7.967,23105,/boardgame/28720/brass-lancashire,https://cf.geekdo-images.com/tHVtPzu82mBpeQbbZkV6EA__micro/img/jM8d5Q5btvJmcWQN_px-A-nlueI=/fit-in/64x64/filters:strip_icc()/pic3469216.jpg
124361,Concordia,2013,21,8.11,7.957,36580,/boardgame/124361/concordia,https://cf.geekdo-images.com/CzwSm8i7tkLz6cBnrILZBg__micro/img/FQyxREkHBn7yTbGmBg7c44eLgaM=/fit-in/64x64/filters:strip_icc()/pic3453267.jpg
177736,A Feast for Odin,2016,22,8.18,7.947,24860,/boardgame/177736/feast-odin,https://cf.geekdo-images.com/s9oGMCo1fcfV4Dk3EnqLZw__micro/img/JCrcuFDrjVQ64uLbqpH-Pmg6XsU=/fit-in/64x64/filters:strip_icc()/pic3146943.png
246900,Eclipse: Second Dawn for the Galaxy,2020,23,8.52,7.946,9946,/boardgame/246900/eclipse-second-dawn-galaxy,https://cf.geekdo-images.com/Oh3kHw6lweg6ru71Q16h2Q__micro/img/vhB59zFDq3Kul0xbr3api2selZs=/fit-in/64x64/filters:strip_icc()/pic5235277.jpg
266507,Clank!: Legacy – Acquisitions Incorporated,2019,24,8.59,7.937,7654,/boardgame/266507/clank-legacy-acquisitions-incorporated,https://cf.geekdo-images.com/hc2NDafu5c24iLJh_IZmyg__micro/img/v2WzacDprYF837E6h9O2WuFFmpw=/fit-in/64x64/filters:strip_icc()/pic4885780.png
266192,Wingspan,2019,25,8.08,7.93,76303,/boardgame/266192/wingspan,https://cf.geekdo-images.com/yLZJCVLlIx4c7eJEWUNJ7w__micro/img/5ZaRePVhfelfofF7T_OC1e0gUCw=/fit-in/64x64/filters:strip_icc()/pic4458123.jpg
120677,Terra Mystica,2012,26,8.09,7.929,45268,/boardgame/120677/terra-mystica,https://cf.geekdo-images.com/bre12I1YiXkZr7elvriz4A__micro/img/SAwaBrDhHbGuq6dFY-ok95qFMcU=/fit-in/64x64/filters:strip_icc()/pic5375624.jpg
205637,Arkham Horror: The Card Game,2016,27,8.14,7.915,38909,/boardgame/205637/arkham-horror-card-game,https://cf.geekdo-images.com/B5F5ulz0UivNgrI9Ky0euA__micro/img/DnDtwD_7oQR982carXqiVfhOQog=/fit-in/64x64/filters:strip_icc()/pic3122349.jpg
237182,Root,2018,28,8.09,7.891,42004,/boardgame/237182/root,https://cf.geekdo-images.com/JUAUWaVUzeBgzirhZNmHHw__micro/img/tdHLiMYfi-KTy89sGBGZVeE9ts0=/fit-in/64x64/filters:strip_icc()/pic4254509.jpg
312484,Lost Ruins of Arnak,2020,29,8.09,7.885,32931,/boardgame/312484/lost-ruins-arnak,https://cf.geekdo-images.com/6GqH14TJJhza86BX5HCLEQ__micro/img/2FKVaukjh9a-Kg9LWQuMSvLS34s=/fit-in/64x64/filters:strip_icc()/pic5674958.jpg
164928,Orléans,2014,30,8.06,7.878,28380,/boardgame/164928/orleans,https://cf.geekdo-images.com/nagl1li6kYt9elV9jbfVQw__micro/img/hUKCvnqgFvTl0aOMd8FLkgCObT0=/fit-in/64x64/filters:strip_icc()/pic6228507.jpg
199792,Everdell,2018,31,8.06,7.872,43136,/boardgame/199792/everdell,https://cf.geekdo-images.com/fjE7V5LNq31yVEW_yuqI-Q__micro/img/TAgkPCJdNAIHZfn1BE1DXadBL9g=/fit-in/64x64/filters:strip_icc()/pic3918905.png
183394,Viticulture Essential Edition,2015,32,8.02,7.866,42859,/boardgame/183394/viticulture-essential-edition,https://cf.geekdo-images.com/l_PRU2lVlX9seScRFcvFlA__micro/img/3EqHlTkNSnZNFHVaAeFSpzfzuIQ=/fit-in/64x64/filters:strip_icc()/pic6500949.jpg
96848,Mage Knight Board Game,2011,33,8.09,7.865,31649,/boardgame/96848/mage-knight-board-game,https://cf.geekdo-images.com/DUO2hz9AlLOH8p9ED-lCWg__micro/img/eXzdbUmCbIdMIVgiQ_QwS3YNOS4=/fit-in/64x64/filters:strip_icc()/pic1083380.jpg
251247,Barrage,2019,34,8.19,7.836,14044,/boardgame/251247/barrage,https://cf.geekdo-images.com/jEPmWvvYpqkWrKOzqIHFsg__micro/img/Uwm0ZfmY4ZNWWxlackDXrsmS-Io=/fit-in/64x64/filters:strip_icc()/pic4336469.png
324856,The Crew: Mission Deep Sea,2021,35,8.26,7.832,10857,/boardgame/324856/crew-mission-deep-sea,https://cf.geekdo-images.com/VuBqZ1sMaDAVVHF_OEJP4g__micro/img/p3GKOrR04nV1qkim9zq-rmFfYh8=/fit-in/64x64/filters:strip_icc()/pic5988903.jpg
175914,Food Chain Magnate,2015,36,8.09,7.822,18142,/boardgame/175914/food-chain-magnate,https://cf.geekdo-images.com/Wtxml94LAXsIWQCxGPS63Q__micro/img/4Oucoa190njfSaNHr8YRIl6UnTU=/fit-in/64x64/filters:strip_icc()/pic2649434.png
192135,Too Many Bones,2017,37,8.36,7.813,10306,/boardgame/192135/too-many-bones,https://cf.geekdo-images.com/wKwRk0wYBcrtLAfgn4PCdg__micro/img/Q6VXZKoVSlMjTU7Vp8tn1tkcVzw=/fit-in/64x64/filters:strip_icc()/pic6624445.png
341169,Great Western Trail (Second Edition),2021,38,8.46,7.809,7226,/boardgame/341169/great-western-trail-second-edition,https://cf.geekdo-images.com/gDn7AhrDlmfCLSz9ZqoNFQ__micro/img/eGBh_Csj13hXnODUTB-7dmpq-M0=/fit-in/64x64/filters:strip_icc()/pic5988511.jpg
285774,Marvel Champions: The Card Game,2019,39,8.15,7.805,19847,/boardgame/285774/marvel-champions-card-game,https://cf.geekdo-images.com/kRvUgYiaOq07kC67ZK5UoQ__micro/img/4DLQr45lpVBfCkiy-kVwhl4z4vQ=/fit-in/64x64/filters:strip_icc()/pic4900321.jpg
256960,Pax Pamir: Second Edition,2019,40,8.27,7.805,10621,/boardgame/256960/pax-pamir-second-edition,https://cf.geekdo-images.com/oSM_AuKYfGIwOtKbVEsoVg__micro/img/SKUliR88eoltB2ytmwz3BffW7aA=/fit-in/64x64/filters:strip_icc()/pic4503733.png
3076,Puerto Rico,2002,41,7.94,7.802,68558,/boardgame/3076/puerto-rico,https://cf.geekdo-images.com/QFiIRd2kimaMqTyWsX0aUg__micro/img/ggNIAA1GEadqvcY7Mvwb9_VEybU=/fit-in/64x64/filters:strip_icc()/pic158548.jpg
102794,Caverna: The Cave Farmers,2013,42,7.97,7.793,32537,/boardgame/102794/caverna-cave-farmers,https://cf.geekdo-images.com/rz22tqa5PCYvK9oDjIbvxg__micro/img/sog7ni3vUAAfvd66e6XW4iOca4I=/fit-in/64x64/filters:strip_icc()/pic1790789.jpg
247763,Underwater Cities,2018,43,8.08,7.789,16525,/boardgame/247763/underwater-cities,https://cf.geekdo-images.com/PwOwTVHovJAUQgghnGqCOg__micro/img/9ftDcGDumAWKm_3hmu6JUwjb1aU=/fit-in/64x64/filters:strip_icc()/pic4837710.png
170216,Blood Rage,2015,44,7.96,7.786,43000,/boardgame/170216/blood-rage,https://cf.geekdo-images.com/HkZSJfQnZ3EpS214xtuplg__micro/img/7xdR1_OUo1ReAvYzhi7jBhFMHu0=/fit-in/64x64/filters:strip_icc()/pic2439223.jpg
31260,Agricola,2007,45,7.9,7.774,69805,/boardgame/31260/agricola,https://cf.geekdo-images.com/dDDo2Hexl80ucK1IlqTk-g__micro/img/SZgGqufNqaW8BCFT29wkYPaRXOE=/fit-in/64x64/filters:strip_icc()/pic831744.jpg
185343,Anachrony,2017,46,8.1,7.77,16130,/boardgame/185343/anachrony,https://cf.geekdo-images.com/31quLNzteInnevVRAABoow__micro/img/CMEokoPk9cBV5A82_eBwjDJPMfE=/fit-in/64x64/filters:strip_icc()/pic3499707.jpg
295947,Cascadia,2021,47,7.99,7.75,23020,/boardgame/295947/cascadia,https://cf.geekdo-images.com/MjeJZfulbsM1DSV3DrGJYA__micro/img/x2BDobiHVhQHl7LhBimeU8L1ko4=/fit-in/64x64/filters:strip_icc()/pic5100691.jpg
184267,On Mars,2020,48,8.22,7.749,10555,/boardgame/184267/mars,https://cf.geekdo-images.com/Nm0Iw8NoiM9V8IsifimGBw__micro/img/HQNReYu8QkZqD4dbZeWg3cQrkv0=/fit-in/64x64/filters:strip_icc()/pic4357658.jpg
221107,Pandemic Legacy: Season 2,2017,49,8.06,7.745,15505,/boardgame/221107/pandemic-legacy-season-2,https://cf.geekdo-images.com/Qtkb-UTvHa0-kxt_MK1nKw__micro/img/eYV_Y45Hk66WceHroLlRqnHEHmg=/fit-in/64x64/filters:strip_icc()/pic3763549.jpg
205059,Mansions of Madness: Second Edition,2016,50,7.98,7.743,32954,/boardgame/205059/mansions-madness-second-edition,https://cf.geekdo-images.com/LIooA9bTdjnE9qmhjL-UFw__micro/img/rsUu4YzIErI1oi6TRRA-cKiS-I0=/fit-in/64x64/filters:strip_icc()/pic3118622.jpg
276025,Maracaibo,2019,51,8.09,7.741,13911,/boardgame/276025/maracaibo,https://cf.geekdo-images.com/rMNa0k05zMdKgSEp26Q3Tw__micro/img/rDI-yCgwVbB_szRjUWOY8IKIdUk=/fit-in/64x64/filters:strip_icc()/pic4917407.jpg
314040,Pandemic Legacy: Season 0,2020,52,8.48,7.728,5959,/boardgame/314040/pandemic-legacy-season-0,https://cf.geekdo-images.com/y0x1zbkpUXjddzWWnhekYw__micro/img/oUW7QBHTiMOcpt5FgNXd_Uy2LfM=/fit-in/64x64/filters:strip_icc()/pic5581457.jpg
126163,Tzolk'in: The Mayan Calendar,2012,53,7.87,7.722,36684,/boardgame/126163/tzolk-mayan-calendar,https://cf.geekdo-images.com/kXf7mDyDYuHg6oe8yTUIEA__micro/img/3EqJtoxAlTb2pJWxmA7TUu4HWNI=/fit-in/64x64/filters:strip_icc()/pic4604439.jpg
521,Crokinole,1876,54,7.99,7.72,15795,/boardgame/521/crokinole,https://cf.geekdo-images.com/7ejbxsn-UtLl3ehamuAEdw__micro/img/5UygdMxz3N_dTCkGlwVlgJXK_vg=/fit-in/64x64/filters:strip_icc()/pic79413.jpg
2651,Power Grid,2004,55,7.83,7.718,62335,/boardgame/2651/power-grid,https://cf.geekdo-images.com/yd6LuatytHRhcFCxCf-EEg__micro/img/ZUrGKfXAZS4AztFRXq2W9oD6TG4=/fit-in/64x64/filters:strip_icc()/pic4459753.jpg
284083,The Crew: The Quest for Planet Nine,2019,56,7.87,7.713,35168,/boardgame/284083/crew-quest-planet-nine,https://cf.geekdo-images.com/98LnQShydr11OBKS46xY-Q__micro/img/bIVTqYzQ5wDuCSmcQvpNokXZOUo=/fit-in/64x64/filters:strip_icc()/pic5687013.jpg
161533,Lisboa,2017,57,8.2,7.706,9613,/boardgame/161533/lisboa,https://cf.geekdo-images.com/OrHS8_a1CqSGiXeTfCk0Wg__micro/img/rpfZR0COMOP41SI2EZPrSrX_LL8=/fit-in/64x64/filters:strip_icc()/pic3209553.jpg
255984,Sleeping Gods,2021,58,8.36,7.702,7374,/boardgame/255984/sleeping-gods,https://cf.geekdo-images.com/Zdt8l4oTBpFICsMyNof7Jg__micro/img/xnXopdLVlL31M169AjW8ofHRe5Q=/fit-in/64x64/filters:strip_icc()/pic5975244.png
216132,Clans of Caledonia,2017,59,7.96,7.701,18869,/boardgame/216132/clans-caledonia,https://cf.geekdo-images.com/SPuwc6RJ6y4PnTH36Pegsg__micro/img/wWI0kOjt4L4TOOV_Dn2BLthq5QQ=/fit-in/64x64/filters:strip_icc()/pic3511783.png
35677,Le Havre,2008,60,7.86,7.693,30024,/boardgame/35677/le-havre,https://cf.geekdo-images.com/y7Rqd3S6J7vyVhicR1bqTQ__micro/img/c1qPt4uwG4qhjxmrgtIuKulwQkI=/fit-in/64x64/filters:strip_icc()/pic6091101.jpg
244521,The Quacks of Quedlinburg,2018,61,7.84,7.693,40629,/boardgame/244521/quacks-quedlinburg,https://cf.geekdo-images.com/pH5LgRL4mNRon-2NsSDb1Q__micro/img/pAWwGfiqFpn-kkzUKexMTZOvoA4=/fit-in/64x64/filters:strip_icc()/pic6137509.png
164153,Star Wars: Imperial Assault,2014,62,7.98,7.692,23480,/boardgame/164153/star-wars-imperial-assault,https://cf.geekdo-images.com/pIQ_MXvaoARRp1loCHJuHg__micro/img/i2soAnlvaDCzWksrpO2By4-GgGA=/fit-in/64x64/filters:strip_icc()/pic2247647.jpg
284378,Kanban EV,2020,63,8.48,7.691,5610,/boardgame/284378/kanban-ev,https://cf.geekdo-images.com/L2Wn-zUqkcHgqvwvY212Ig__micro/img/2pY9Wo185ehuYO7Mb0gTDpdww74=/fit-in/64x64/filters:strip_icc()/pic4924232.jpg
209010,Mechs vs. Minions,2016,64,7.99,7.685,16534,/boardgame/209010/mechs-vs-minions,https://cf.geekdo-images.com/n4J5LebMj0DQD016qW7ABw__micro/img/n4vvAq2JZvjf0yS_Mugr79dqM90=/fit-in/64x64/filters:strip_icc()/pic3184103.jpg
125153,The Gallerist,2015,65,8.04,7.684,12984,/boardgame/125153/gallerist,https://cf.geekdo-images.com/ie1GSt1XV04sXQXt-3O1UQ__micro/img/Zxap2me5W8VgLK_VNU_lY5vLnbA=/fit-in/64x64/filters:strip_icc()/pic2503200.png
266810,Paladins of the West Kingdom,2019,66,8,7.682,15004,/boardgame/266810/paladins-west-kingdom,https://cf.geekdo-images.com/4nhokcLdYoo6ulbZ1rmGgA__micro/img/WMzScSxJICvIyErl47KBVoskhnQ=/fit-in/64x64/filters:strip_icc()/pic4462987.png
55690,Kingdom Death: Monster,2015,67,8.53,7.68,9024,/boardgame/55690/kingdom-death-monster,https://cf.geekdo-images.com/LenzJBOHboAGU0cUIqAZPQ__micro/img/6YI32BDhyuO9JZrofc1CPbuFlVY=/fit-in/64x64/filters:strip_icc()/pic2931007.jpg
124742,Android: Netrunner,2012,68,7.87,7.659,29075,/boardgame/124742/android-netrunner,https://cf.geekdo-images.com/2ewHIIG_TRq8bYlqk0jIMw__micro/img/U5irACQ5P-7X9XyeDWj71ai-Ruw=/fit-in/64x64/filters:strip_icc()/pic3738560.jpg
182874,Grand Austria Hotel,2015,69,7.92,7.655,17920,/boardgame/182874/grand-austria-hotel,https://cf.geekdo-images.com/GlCmHjdLwv3SqSjv52ToGw__micro/img/egqhEcYTqBsaT7AeNBe2LdUcGZs=/fit-in/64x64/filters:strip_icc()/pic6966955.jpg
230802,Azul,2017,70,7.76,7.653,77268,/boardgame/230802/azul,https://cf.geekdo-images.com/aPSHJO0d0XOpQR5X-wJonw__micro/img/3M2bj5ZXqAskTOvLTXRuHOH-Y44=/fit-in/64x64/filters:strip_icc()/pic6973671.png
72125,Eclipse,2011,71,7.85,7.644,27764,/boardgame/72125/eclipse,https://cf.geekdo-images.com/cnFppsVNOSTJ-W3APQFuTg__micro/img/dfQTNAju5CUxn6JQl-Pxubac99o=/fit-in/64x64/filters:strip_icc()/pic1974056.jpg
191189,Aeon's End,2016,72,7.95,7.641,17624,/boardgame/191189/aeons-end,https://cf.geekdo-images.com/d50LceHj6LIafa4S_qIsCg__micro/img/0El7f9TAr9UfvKlcsXYrBe8jEOc=/fit-in/64x64/filters:strip_icc()/pic3189350.jpg
28143,Race for the Galaxy,2007,73,7.75,7.64,52572,/boardgame/28143/race-galaxy,https://cf.geekdo-images.com/-DOqixs8uwKUvvWPKI4f9w__micro/img/Fz_qRw_ZHI9TfZXY0b4YZ6zfT7o=/fit-in/64x64/filters:strip_icc()/pic5261714.jpg
201808,Clank!: A Deck-Building Adventure,2016,74,7.8,7.637,37887,/boardgame/201808/clank-deck-building-adventure,https://cf.geekdo-images.com/DPjV1iI0ygo5Bl3XLNRiIg__micro/img/5hO7ln_bquTyy4Q__ksB4NT1gMs=/fit-in/64x64/filters:strip_icc()/pic4449526.jpg
157354,Five Tribes,2014,75,7.78,7.632,38712,/boardgame/157354/five-tribes,https://cf.geekdo-images.com/dmo-WD6HZHVUPrbVHunaTw__micro/img/fxKL3MvU00YeEkfeLNdQGUl5rxA=/fit-in/64x64/filters:strip_icc()/pic2055255.jpg
200680,Agricola (Revised Edition),2016,76,7.97,7.63,15007,/boardgame/200680/agricola-revised-edition,https://cf.geekdo-images.com/Vf_0TrTfz9yll7rVBvYGsg__micro/img/-rkh8miCGz860ChoPFB0i_jjgog=/fit-in/64x64/filters:strip_icc()/pic3029377.jpg
25613,Through the Ages: A Story of Civilization,2006,77,7.87,7.629,18935,/boardgame/25613/through-ages-story-civilization,https://cf.geekdo-images.com/3piN3YX4WmBRuIvbEG2Ygg__micro/img/xy_566fY112BYtYJjT29cfAcHsk=/fit-in/64x64/filters:strip_icc()/pic236169.jpg
159675,Fields of Arle,2014,78,8.05,7.623,10106,/boardgame/159675/fields-arle,https://cf.geekdo-images.com/0w8go6cfvlpgJKydHUkDtA__micro/img/9JEU9pIfwl2wUIE3fmCmjjH_iiM=/fit-in/64x64/filters:strip_icc()/pic2225968.png
229853,Teotihuacan: City of Gods,2018,79,7.89,7.617,17917,/boardgame/229853/teotihuacan-city-gods,https://cf.geekdo-images.com/wW5xjgBJcFyLaEWZwrYuKA__micro/img/kXVTBtcGC-5L706WFNJLAuZTovQ=/fit-in/64x64/filters:strip_icc()/pic4583626.jpg
253344,Cthulhu: Death May Die,2019,80,8.17,7.614,9125,/boardgame/253344/cthulhu-death-may-die,https://cf.geekdo-images.com/e8D09pfFsUsoX1D81EeoZg__micro/img/g4fUW30OaTTN48VW7tdVOIAEvWQ=/fit-in/64x64/filters:strip_icc()/pic4705171.jpg
121921,Robinson Crusoe: Adventures on the Cursed Island,2012,81,7.78,7.607,40684,/boardgame/121921/robinson-crusoe-adventures-cursed-island,https://cf.geekdo-images.com/FbFnaTx3aT5dM18K_bR_Pg__micro/img/brcsM5-72GgeBDQg3CSI6VB1Dqo=/fit-in/64x64/filters:strip_icc()/pic3165731.jpg
171623,The Voyages of Marco Polo,2015,82,7.8,7.604,23606,/boardgame/171623/voyages-marco-polo,https://cf.geekdo-images.com/n1G7_aWToLAAB7Mqt8iwyA__micro/img/c8Ld-3E8S0devFlugLvyiAEESbY=/fit-in/64x64/filters:strip_icc()/pic2461346.png
110327,Lords of Waterdeep,2012,83,7.74,7.603,52494,/boardgame/110327/lords-waterdeep,https://cf.geekdo-images.com/-hk8f8iGk_DyWyMrfiPBkg__micro/img/tWSg9ErrwvVcwaE1Kze1IsxwpGg=/fit-in/64x64/filters:strip_icc()/pic1116080.jpg
68448,7 Wonders,2010,84,7.7,7.599,97931,/boardgame/68448/7-wonders,https://cf.geekdo-images.com/35h9Za_JvMMMtx_92kT0Jg__micro/img/4BRnGQ-EoU-2LNirfZpUC3HRReU=/fit-in/64x64/filters:strip_icc()/pic7149798.jpg
180263,The 7th Continent,2017,85,7.9,7.597,20987,/boardgame/180263/7th-continent,https://cf.geekdo-images.com/OYne8uBCHv5oEgRfpOrV0A__micro/img/8IGVzvGADTyV8kjaMNw-VCBL4TY=/fit-in/64x64/filters:strip_icc()/pic2648303.jpg
62219,Dominant Species,2010,86,7.82,7.595,20001,/boardgame/62219/dominant-species,https://cf.geekdo-images.com/oeygRZntjNUJWvc8SxDfww__micro/img/gXi23Nbfem6XTfRlV2eHEHB_cHY=/fit-in/64x64/filters:strip_icc()/pic784193.jpg
264220,Tainted Grail: The Fall of Avalon,2019,87,8.16,7.582,10704,/boardgame/264220/tainted-grail-fall-avalon,https://cf.geekdo-images.com/aAwBzPzta4joKfFZt05hCw__micro/img/28sp86TqPbMqn9M_qHWfS9j44-w=/fit-in/64x64/filters:strip_icc()/pic4385726.jpg
317985,Beyond the Sun,2020,88,7.97,7.578,10759,/boardgame/317985/beyond-sun,https://cf.geekdo-images.com/BfEHqHQAvZLbRX7y7e9TWg__micro/img/RgHc2PFvpz3xxRPRg5v7d46JQNc=/fit-in/64x64/filters:strip_icc()/pic5617866.jpg
231733,Obsession,2018,89,8.21,7.573,7112,/boardgame/231733/obsession,https://cf.geekdo-images.com/sy89BiuZXfbSnG7Cag9tBQ__micro/img/0VYxwvacU7ADCGyJt5iLMa5WQoA=/fit-in/64x64/filters:strip_icc()/pic5902073.png
236457,Architects of the West Kingdom,2018,90,7.77,7.571,25204,/boardgame/236457/architects-west-kingdom,https://cf.geekdo-images.com/OAX7HfOz-9N60StgADzd0g__micro/img/5OEOXKjvrEMh2aT5I-FrAn5-9jo=/fit-in/64x64/filters:strip_icc()/pic3781944.png
93,El Grande,1995,91,7.74,7.56,26320,/boardgame/93/el-grande,https://cf.geekdo-images.com/GO282hlXR3RiknU5W4GZjg__micro/img/Ya0GwTP0sOChJ3b0E3Ufmua39gw=/fit-in/64x64/filters:strip_icc()/pic5373572.png
122515,Keyflower,2012,92,7.75,7.549,21776,/boardgame/122515/keyflower,https://cf.geekdo-images.com/HbfgxDJZQnNEZQKvpmJxQg__micro/img/L6e_jaWDU2M5XPhV0lMhPPo26EU=/fit-in/64x64/filters:strip_icc()/pic2278942.jpg
37111,Battlestar Galactica: The Board Game,2008,93,7.73,7.548,35448,/boardgame/37111/battlestar-galactica-board-game,https://cf.geekdo-images.com/5Q2w2rFJiFI_uV89KP6ECg__micro/img/KGgAsbHUPaEjsl-r05JCH2ixP1o=/fit-in/64x64/filters:strip_icc()/pic354500.jpg
18602,Caylus,2005,94,7.73,7.543,28447,/boardgame/18602/caylus,https://cf.geekdo-images.com/yC7nOSc1x5PT-oNnh6TEcQ__micro/img/R7ZK4KtIIQNR2CJHZ6HtUxEY8ik=/fit-in/64x64/filters:strip_icc()/pic1638795.jpg
279537,The Search for Planet X,2020,95,8.03,7.541,8382,/boardgame/279537/search-planet-x,https://cf.geekdo-images.com/NItjtztEUAKOpaTWZddu9A__micro/img/m4I9uS6LBjNz02oNquEkBM-L464=/fit-in/64x64/filters:strip_icc()/pic5744928.jpg
170042,Raiders of the North Sea,2015,96,7.75,7.535,21638,/boardgame/170042/raiders-north-sea,https://cf.geekdo-images.com/hXdfAhgZ8OeyWLunt36wlw__micro/img/qdkWYsmTq_dyuJU5YCVCZMQrkAI=/fit-in/64x64/filters:strip_icc()/pic3578101.jpg
225694,Decrypto,2018,97,7.78,7.535,18504,/boardgame/225694/decrypto,https://cf.geekdo-images.com/hHZWXnUTMYDd_KTAM6Jwlw__micro/img/g7DQGNNf6ZFwYDGpe9kT3e4KELY=/fit-in/64x64/filters:strip_icc()/pic3759421.jpg
172386,Mombasa,2015,98,7.86,7.534,12670,/boardgame/172386/mombasa,https://cf.geekdo-images.com/VceWk5QVkgIp6rWDl5qHKQ__micro/img/nHZMadoKR1T5fSg9V6rkR3e39M0=/fit-in/64x64/filters:strip_icc()/pic2611318.jpg
269385,The Lord of the Rings: Journeys in Middle-Earth,2019,99,7.95,7.531,14396,/boardgame/269385/lord-rings-journeys-middle-earth,https://cf.geekdo-images.com/1XA2-niwTBa0HEB7hOz3Dw__micro/img/yhbf5YV6KtavOaIVcFC1ZrDQE_0=/fit-in/64x64/filters:strip_icc()/pic4530974.jpg
40834,Dominion: Intrigue,2009,100,7.69,7.53,32779,/boardgame/40834/dominion-intrigue,https://cf.geekdo-images.com/OGOmpi0GgwOwH2y28QgkuA__micro/img/VlsgqS2v915vSCwTPVWFVms0-TY=/fit-in/64x64/filters:strip_icc()/pic460011.jpg
73439,Troyes,2010,101,7.73,7.528,22073,/boardgame/73439/troyes,https://cf.geekdo-images.com/fBIe-aEPtJKC-ceNlspK6A__micro/img/6ZLZgf_o1omV4ijqi2OLJWK_GM0=/fit-in/64x64/filters:strip_icc()/pic750583.jpg
155821,Inis,2016,102,7.82,7.527,17429,/boardgame/155821/inis,https://cf.geekdo-images.com/6QE8mnPFmauoj2THsyUYPA__micro/img/KzK9JEEodDn0EyHA8rJy2X0cyYA=/fit-in/64x64/filters:strip_icc()/pic4739757.jpg
146021,Eldritch Horror,2013,103,7.76,7.526,34342,/boardgame/146021/eldritch-horror,https://cf.geekdo-images.com/oxdsZKIX5_3ovDo38EIaeg__micro/img/gx6OxFzIkjvAvXPs8CDcucwwhak=/fit-in/64x64/filters:strip_icc()/pic1872452.jpg
42,Tigris & Euphrates,1997,104,7.7,7.525,27645,/boardgame/42/tigris-euphrates,https://cf.geekdo-images.com/soAzNVWglCdVBacNjoCTJw__micro/img/7MXTV2Z2rBL40blbo6F8e1RBeRo=/fit-in/64x64/filters:strip_icc()/pic2338267.jpg
203993,Lorenzo il Magnifico,2016,105,7.86,7.524,12655,/boardgame/203993/lorenzo-il-magnifico,https://cf.geekdo-images.com/8G6GkImjt0F_L5aYb8fmtQ__micro/img/kDuDqsd-uzh0n9aqlsEoHXZbgfY=/fit-in/64x64/filters:strip_icc()/pic3175535.jpg
12493,Twilight Imperium: Third Edition,2005,106,7.81,7.523,19053,/boardgame/12493/twilight-imperium-third-edition,https://cf.geekdo-images.com/MHeQQrbauUVsvh2QF6PMog__micro/img/qq2rc5GmKHOr8Dpn5Q8di_FD6Cg=/fit-in/64x64/filters:strip_icc()/pic4128153.jpg
163068,Trickerion: Legends of Illusion,2015,107,7.96,7.515,9404,/boardgame/163068/trickerion-legends-illusion,https://cf.geekdo-images.com/9gob752VqEklQFV_gz16hw__micro/img/kYOLnVbUwnKjA37DqEe9HECvqI0=/fit-in/64x64/filters:strip_icc()/pic2585510.png
163412,Patchwork,2014,108,7.61,7.506,59607,/boardgame/163412/patchwork,https://cf.geekdo-images.com/wLW7pFn0--20lEizEz5p3A__micro/img/HGRTd0C4poFciUwMZzBt6On1R3Y=/fit-in/64x64/filters:strip_icc()/pic2270442.jpg
144733,Russian Railroads,2013,109,7.74,7.506,17115,/boardgame/144733/russian-railroads,https://cf.geekdo-images.com/B0oEVgeqs4_rT8oyb1_Juw__micro/img/HlS0hYq3MdgmSR6YLj_h0x7zJl4=/fit-in/64x64/filters:strip_icc()/pic1772936.jpg
102680,Trajan,2011,110,7.75,7.501,16779,/boardgame/102680/trajan,https://cf.geekdo-images.com/djdeCr__iNV5rMnGnxNiaQ__micro/img/HObHn_WxO9uvtAfQan4UG-X3n_I=/fit-in/64x64/filters:strip_icc()/pic4336095.png
205896,Rising Sun,2018,111,7.79,7.5,19649,/boardgame/205896/rising-sun,https://cf.geekdo-images.com/iwevA6XmiNLHn1QnGUucqw__micro/img/CGB3Ihk0wWICh8wG6_Wp2pbGoCk=/fit-in/64x64/filters:strip_icc()/pic3880340.jpg
281259,The Isle of Cats,2019,112,7.78,7.493,17675,/boardgame/281259/isle-cats,https://cf.geekdo-images.com/AuAheDzhkLufiZFE9JaRNA__micro/img/rx1j8qFjOrmsWHaQhseRKppXKSA=/fit-in/64x64/filters:strip_icc()/pic4781085.jpg
218417,Aeon's End: War Eternal,2017,113,8.31,7.488,5045,/boardgame/218417/aeons-end-war-eternal,https://cf.geekdo-images.com/H2st1bZH4O0FM46NhKMqyQ__micro/img/qolYthWG5h-jKYQmKpU_sinuw-w=/fit-in/64x64/filters:strip_icc()/pic3430893.jpg
36218,Dominion,2008,114,7.6,7.486,86567,/boardgame/36218/dominion,https://cf.geekdo-images.com/j6iQpZ4XkemZP07HNCODBA__micro/img/PVxqHWOLTb3n-4xe62LJadr_M0I=/fit-in/64x64/filters:strip_icc()/pic394356.jpg
233371,Clank! In! Space!: A Deck-Building Adventure,2017,115,7.81,7.482,12859,/boardgame/233371/clank-space-deck-building-adventure,https://cf.geekdo-images.com/haDQw7X8Z0VOItfow9eDtg__micro/img/ft8GB8AfU53V5KqpeK-7JHhRJdQ=/fit-in/64x64/filters:strip_icc()/pic3720843.jpg
178900,Codenames,2015,116,7.57,7.474,83532,/boardgame/178900/codenames,https://cf.geekdo-images.com/F_KDEu0GjdClml8N7c8Imw__micro/img/w38Q9MZMQK80Att5GcODbCGufDk=/fit-in/64x64/filters:strip_icc()/pic2582929.jpg
175640,Vinhos: Deluxe Edition,2016,117,8.13,7.473,6005,/boardgame/175640/vinhos-deluxe-edition,https://cf.geekdo-images.com/JuyN9UOenAG_BlO-APPpdw__micro/img/KdJxATUknU5Dd58Rg5o25DtWovM=/fit-in/64x64/filters:strip_icc()/pic2649446.jpg
172287,Champions of Midgard,2015,118,7.74,7.47,16319,/boardgame/172287/champions-midgard,https://cf.geekdo-images.com/VJwOnMF5vwJg2Yaq6ozn3Q__micro/img/-RNDo77HZqz7-B__L7tFnYXCn8Q=/fit-in/64x64/filters:strip_icc()/pic2869714.jpg
198928,Pandemic: Iberia,2016,119,7.9,7.469,9834,/boardgame/198928/pandemic-iberia,https://cf.geekdo-images.com/752GFSJLkyDZikThRM6gqQ__micro/img/fdawcLpnRtR9FwYqt4zZjB2NPhA=/fit-in/64x64/filters:strip_icc()/pic3000850.png
132531,Roll for the Galaxy,2014,120,7.62,7.467,30311,/boardgame/132531/roll-galaxy,https://cf.geekdo-images.com/nhoyoLpYPC2b3UiJ5kJ0yg__micro/img/FeJTY6p1rR-_4L51ukxDOXrjXTY=/fit-in/64x64/filters:strip_icc()/pic1473629.jpg
196340,Yokohama,2016,121,7.82,7.464,10910,/boardgame/196340/yokohama,https://cf.geekdo-images.com/ocI_xrJ7A-cDTTMUoYBNzw__micro/img/p3q7SACebkLO1KXHYk5Cg7uh1xk=/fit-in/64x64/filters:strip_icc()/pic3600984.jpg
256916,Concordia Venus,2018,122,8.29,7.462,4538,/boardgame/256916/concordia-venus,https://cf.geekdo-images.com/36WIe0ZHkp5OvHOlB-8vog__micro/img/7lY7AE0KsFAO2svml1DMpa20-kg=/fit-in/64x64/filters:strip_icc()/pic4356580.jpg
263918,Cartographers,2019,123,7.65,7.461,24132,/boardgame/263918/cartographers,https://cf.geekdo-images.com/GifbnAmsA4lfEcDkeaC9VA__micro/img/-B-yH3o3CkeAA2xqNYdQNdX8YFc=/fit-in/64x64/filters:strip_icc()/pic4397932.png
175155,Forbidden Stars,2015,124,7.97,7.461,8703,/boardgame/175155/forbidden-stars,https://cf.geekdo-images.com/WlvyznYhlYNXMtMbKKu1oA__micro/img/nwWTt7moMNRAUseU-eN8bf3SOqw=/fit-in/64x64/filters:strip_icc()/pic2471359.jpg
266524,PARKS,2019,125,7.71,7.455,20022,/boardgame/266524/parks,https://cf.geekdo-images.com/mF2cSNRk2O6HtE45Sl9TcA__micro/img/-HROI5hgpItpxFauKvAzFbFgEns=/fit-in/64x64/filters:strip_icc()/pic4852372.jpg
43015,Hansa Teutonica,2009,126,7.72,7.453,14283,/boardgame/43015/hansa-teutonica,https://cf.geekdo-images.com/3IkzYcplGfFtVrd3syClHg__micro/img/gSljCSjGBUwiOML1TUKVIMX1TJQ=/fit-in/64x64/filters:strip_icc()/pic839090.jpg
30549,Pandemic,2008,127,7.56,7.452,117889,/boardgame/30549/pandemic,https://cf.geekdo-images.com/S3ybV1LAp-8SnHIXLLjVqA__micro/img/S4tXI3Yo7BtqmBoKINLLVUFsaJ0=/fit-in/64x64/filters:strip_icc()/pic1534148.jpg
4098,Age of Steam,2002,128,7.82,7.452,10285,/boardgame/4098/age-steam,https://cf.geekdo-images.com/gBPzZsgm9nrUYVfdK216NA__micro/img/0tMmdFL1zUP7IRCEIkp_kUnLz0s=/fit-in/64x64/filters:strip_icc()/pic4557340.png
262712,Res Arcana,2019,129,7.69,7.446,18722,/boardgame/262712/res-arcana,https://cf.geekdo-images.com/gcALy45JfcjyKUn6T3mBIQ__micro/img/lGAmt1ncLJQjn8D9eilWID5pVNA=/fit-in/64x64/filters:strip_icc()/pic4422847.jpg
274364,Watergate,2019,130,7.83,7.439,9879,/boardgame/274364/watergate,https://cf.geekdo-images.com/iTBogxNFa3Ymh-6ST3srsw__micro/img/piEJx-UC10HNGn3lwIr2QUnF_Ls=/fit-in/64x64/filters:strip_icc()/pic4768766.jpg
127023,Kemet,2012,131,7.67,7.438,18397,/boardgame/127023/kemet,https://cf.geekdo-images.com/RmZjhy7_6REp8IaXh9Zqwg__micro/img/JhmgQqmj1m5K7EKHBExVgFHKUf4=/fit-in/64x64/filters:strip_icc()/pic3979527.jpg
217372,The Quest for El Dorado,2017,132,7.65,7.436,20373,/boardgame/217372/quest-el-dorado,https://cf.geekdo-images.com/IHOUjBZ9ziMeYTRWp2hYAA__micro/img/nQez6iYcgwJyExcylPp1__xy1h8=/fit-in/64x64/filters:strip_icc()/pic4848678.jpg
2511,Sherlock Holmes Consulting Detective: The Thames Murders & Other Cases,1982,133,7.66,7.436,20114,/boardgame/2511/sherlock-holmes-consulting-detective-thames-murder,https://cf.geekdo-images.com/ptDZ2tJ6dSNiONAx3HH8Tw__micro/img/oG1Tt-dugnxtcq2xclh1AcrjG6s=/fit-in/64x64/filters:strip_icc()/pic3514298.jpg
118048,Targi,2012,134,7.63,7.435,20817,/boardgame/118048/targi,https://cf.geekdo-images.com/wHg4fOf48cs1kw1PDOk1tQ__micro/img/I3v-kbkcehXvBeP_3-qbaW9U8co=/fit-in/64x64/filters:strip_icc()/pic3958793.jpg
161970,Alchemists,2014,135,7.65,7.428,21417,/boardgame/161970/alchemists,https://cf.geekdo-images.com/ztNshEv3Fsm46HCJaEOFPw__micro/img/6amZZCVb_LzbpGfhGjmy4Agph0A=/fit-in/64x64/filters:strip_icc()/pic2241156.png
233398,Endeavor: Age of Sail,2018,136,7.92,7.428,8490,/boardgame/233398/endeavor-age-sail,https://cf.geekdo-images.com/YXYqQZ05gC9kNlgX7cbR8g__micro/img/FZknsH2ient62gEp08AkzXB1jrk=/fit-in/64x64/filters:strip_icc()/pic3913274.jpg
271324,It's a Wonderful World,2019,137,7.73,7.427,14818,/boardgame/271324/its-wonderful-world,https://cf.geekdo-images.com/od4vDTdXGPSVc-kjLqM11w__micro/img/ZtJTSG15QyoG9zz0XZ9BKTBqb84=/fit-in/64x64/filters:strip_icc()/pic4651175.jpg
147020,Star Realms,2014,138,7.57,7.427,42067,/boardgame/147020/star-realms,https://cf.geekdo-images.com/EsJqPL5CB_TMt0MYL-lnVg__micro/img/eelKJsOhi3OHtLnI_YeHwlhWcnk=/fit-in/64x64/filters:strip_icc()/pic1903816.jpg
308765,Praga Caput Regni,2020,139,7.97,7.42,7090,/boardgame/308765/praga-caput-regni,https://cf.geekdo-images.com/aUPeXVwc40xrgud2XeZwyA__micro/img/2qDcBn9aPOUARrzyHLxcjL8I53Y=/fit-in/64x64/filters:strip_icc()/pic5671087.png
146652,Legendary Encounters: An Alien Deck Building Game,2014,140,7.76,7.42,12721,/boardgame/146652/legendary-encounters-alien-deck-building-game,https://cf.geekdo-images.com/jSz_KRUxsjGYitoqx9YH1Q__micro/img/t589A9KaC7S6E4LN61DKRFw4T-k=/fit-in/64x64/filters:strip_icc()/pic2225180.jpg
271055,Dwellings of Eldervale,2020,141,8.23,7.419,5072,/boardgame/271055/dwellings-eldervale,https://cf.geekdo-images.com/qJQXn0kvzvHBKWzSQN7vpw__micro/img/Q3KyB_oDoiDkWXRUkkjFsRNB-vM=/fit-in/64x64/filters:strip_icc()/pic4742944.jpg
220877,Rajas of the Ganges,2017,142,7.73,7.419,12562,/boardgame/220877/rajas-ganges,https://cf.geekdo-images.com/hR5sxxqNY3gjvLwifaqRww__micro/img/sKKxT9rwkJ1mq4miIA7vKBB4QKU=/fit-in/64x64/filters:strip_icc()/pic3646165.jpg
34635,Stone Age,2008,143,7.54,7.418,50354,/boardgame/34635/stone-age,https://cf.geekdo-images.com/elmZegVZ6gp4_5izUgxGQQ__micro/img/GBNMM8kmp6Dlnel0EG4HN7lDTwo=/fit-in/64x64/filters:strip_icc()/pic1632539.jpg
254640,Just One,2018,144,7.6,7.414,22167,/boardgame/254640/just-one,https://cf.geekdo-images.com/qKcKjHpzAvLddwBhyindag__micro/img/YQi3eyPFc7TV8myWJiQzNyUkJQ8=/fit-in/64x64/filters:strip_icc()/pic4268499.jpg
14996,Ticket to Ride: Europe,2005,145,7.53,7.412,69920,/boardgame/14996/ticket-ride-europe,https://cf.geekdo-images.com/0K1AOciqlMVUWFPLTJSiww__micro/img/fNo9_FY6sdu7szEouS2v9IVjHfI=/fit-in/64x64/filters:strip_icc()/pic66668.jpg
103885,Star Wars: X-Wing Miniatures Game,2012,146,7.65,7.41,24468,/boardgame/103885/star-wars-x-wing-miniatures-game,https://cf.geekdo-images.com/yNqgVxaqoZepir7Hzkfe-Q__micro/img/OKIS12HYfJvGuTjHdv1I1aqn2SI=/fit-in/64x64/filters:strip_icc()/pic1603292.jpg
366013,Heat: Pedal to the Metal,2022,147,8.18,7.409,5251,/boardgame/366013/heat-pedal-metal,https://cf.geekdo-images.com/-vOrd4bOspibyohYExLqWg__micro/img/bcHg_0mMkgMaBp9Sz1gxJtHtaHw=/fit-in/64x64/filters:strip_icc()/pic6940449.png
77423,The Lord of the Rings: The Card Game,2011,148,7.66,7.404,23302,/boardgame/77423/lord-rings-card-game,https://cf.geekdo-images.com/ZmXi5BbtoWl58ZnKcUy1vw__micro/img/e5AtJJGUBkPjdiJR4RCzckfokLc=/fit-in/64x64/filters:strip_icc()/pic906495.jpg
233867,Welcome To...,2018,149,7.56,7.402,27071,/boardgame/233867/welcome,https://cf.geekdo-images.com/g4XmxyKhNVdhC3QPd1purQ__micro/img/nFBdWL9VzYeTpQpxfSx2OkEylaA=/fit-in/64x64/filters:strip_icc()/pic3761012.jpg
148949,Istanbul,2014,150,7.55,7.402,29552,/boardgame/148949/istanbul,https://cf.geekdo-images.com/PHH9Mreen2sBcxV6ZsE3ew__micro/img/m-r0Enm97qaLW82OqcE9DSPasNc=/fit-in/64x64/filters:strip_icc()/pic1885326.jpg
82222,Xia: Legends of a Drift System,2014,151,7.87,7.398,9261,/boardgame/82222/xia-legends-drift-system,https://cf.geekdo-images.com/6uEBiPxMH8gfGJ6f3HLNGg__micro/img/DQSj2Ayqr-jt9IvF4YrOTCyr5Fg=/fit-in/64x64/filters:strip_icc()/pic1807124.png
283948,Marco Polo II: In the Service of the Khan,2019,152,8,7.396,6218,/boardgame/283948/marco-polo-ii-service-khan,https://cf.geekdo-images.com/rc7CQ5l95ZFoKq3iBVqjgg__micro/img/_tCcW0G7YOS5N3JnlvWor-b7lBs=/fit-in/64x64/filters:strip_icc()/pic5543526.jpg
296151,Viscounts of the West Kingdom,2020,153,7.89,7.396,8028,/boardgame/296151/viscounts-west-kingdom,https://cf.geekdo-images.com/kMgSC_kRlJWt3KLj5y0BxQ__micro/img/l2onqayLE2q8yx6KlE44hagURks=/fit-in/64x64/filters:strip_icc()/pic5230695.png
310873,Carnegie,2022,154,8.06,7.396,5803,/boardgame/310873/carnegie,https://cf.geekdo-images.com/0qxz9DRRhsJrIW1TJ-kz0w__micro/img/QPqHE-hZwSwXy-hOstfy5IzDUDU=/fit-in/64x64/filters:strip_icc()/pic5710736.jpg
244522,That's Pretty Clever!,2018,155,7.59,7.396,21352,/boardgame/244522/s-pretty-clever,https://cf.geekdo-images.com/3-unuy5JW1cC8C6EUBNiOA__micro/img/paSoM8bH12xJsE0csH_LrUq0JU8=/fit-in/64x64/filters:strip_icc()/pic4410877.jpg
328871,Terraforming Mars: Ares Expedition,2021,156,7.72,7.39,12611,/boardgame/328871/terraforming-mars-ares-expedition,https://cf.geekdo-images.com/eT_Atcy_vRJvuUMgYakNrQ__micro/img/UXqVq6URJBugEx8vhYEmlNr5U7U=/fit-in/64x64/filters:strip_icc()/pic6260098.jpg
463,Magic: The Gathering,1993,157,7.56,7.388,37311,/boardgame/463/magic-gathering,https://cf.geekdo-images.com/CxJmNl4wR4InjqyNrMdBTw__micro/img/2KwThQyxR7-2gJiClbhVHH4q2j0=/fit-in/64x64/filters:strip_icc()/pic163749.jpg
265188,Glen More II: Chronicles,2019,158,7.94,7.388,6869,/boardgame/265188/glen-more-ii-chronicles,https://cf.geekdo-images.com/sMRuph3HFUcaSpJZihGZKw__micro/img/b7d2RxKC4Rzxi6YD-aao6mvh_40=/fit-in/64x64/filters:strip_icc()/pic5841874.jpg
9609,War of the Ring,2004,159,7.78,7.385,10469,/boardgame/9609/war-ring,https://cf.geekdo-images.com/JmdqlBJBynZMOciZzkVIkw__micro/img/5fELjUyjR0JJCJnwKhqMbJSyBis=/fit-in/64x64/filters:strip_icc()/pic725882.jpg
43111,Chaos in the Old World,2009,160,7.67,7.383,15240,/boardgame/43111/chaos-old-world,https://cf.geekdo-images.com/yTe9522sHL-3nhfAMH2cTg__micro/img/KLaFtMCpPkj64VnhCnoXryGSaro=/fit-in/64x64/filters:strip_icc()/pic1318481.jpg
54043,Jaipur,2009,161,7.49,7.381,46708,/boardgame/54043/jaipur,https://cf.geekdo-images.com/_LTujSe_o16nvjDC-J0seA__micro/img/TzQQUqVL-EmizAadFNg9B_cgu-Y=/fit-in/64x64/filters:strip_icc()/pic5100947.jpg
189932,Tyrants of the Underdark,2016,162,7.92,7.377,7563,/boardgame/189932/tyrants-underdark,https://cf.geekdo-images.com/F58jczp5xk9CYFimrytXaw__micro/img/S5yF0dl-Z-ktI6iy6bL_f_Ny02Q=/fit-in/64x64/filters:strip_icc()/pic2801874.jpg
287954,Azul: Summer Pavilion,2019,163,7.69,7.376,13296,/boardgame/287954/azul-summer-pavilion,https://cf.geekdo-images.com/843kZ6WR0HfyXWEybA6L7A__micro/img/856O6uUDr2GpOo4vyEUiWDLyzko=/fit-in/64x64/filters:strip_icc()/pic4930887.jpg
268864,Undaunted: Normandy,2019,164,7.83,7.375,9210,/boardgame/268864/undaunted-normandy,https://cf.geekdo-images.com/iCd6hMGDzsQ_UXh00iKsJA__micro/img/3ITi_VQsI8NSalmzaOYcG_kjHLQ=/fit-in/64x64/filters:strip_icc()/pic4602347.jpg
104162,Descent: Journeys in the Dark (Second Edition),2012,165,7.64,7.374,24654,/boardgame/104162/descent-journeys-dark-second-edition,https://cf.geekdo-images.com/ZN2rpiJ19lg5DZk_iYMMkQ__micro/img/WuYw3bSmWg2YZoaWNtiDqstGo0U=/fit-in/64x64/filters:strip_icc()/pic1180640.jpg
188920,This War of Mine: The Board Game,2017,166,7.79,7.368,11720,/boardgame/188920/war-mine-board-game,https://cf.geekdo-images.com/gQOQW7p1RWHzY54Lrs-_pA__micro/img/i83NwyHeRGbOAKsPQZZyQ0DEn2E=/fit-in/64x64/filters:strip_icc()/pic3315915.jpg
249259,War Chest,2018,167,7.89,7.365,7892,/boardgame/249259/war-chest,https://cf.geekdo-images.com/BryJNSSDbCohXeaJPx3tpw__micro/img/fqFw8SPfaDeem2tDIJZgKaOJzhA=/fit-in/64x64/filters:strip_icc()/pic4232048.png
10630,Memoir '44,2004,168,7.55,7.365,28752,/boardgame/10630/memoir-44,https://cf.geekdo-images.com/2AjxTtgBtZVst8wOAk1NAA__micro/img/3sIDOFBXfYWvBvJGP6sicR6nCtQ=/fit-in/64x64/filters:strip_icc()/pic6974498.jpg
282524,Horrified,2019,169,7.69,7.358,13559,/boardgame/282524/horrified,https://cf.geekdo-images.com/SoClIcwjDo_iZs0idVikDw__micro/img/crkkHGsjssAoafxkIgWEmRrfa88=/fit-in/64x64/filters:strip_icc()/pic4848330.jpg
39463,Cosmic Encounter,2008,170,7.53,7.356,31135,/boardgame/39463/cosmic-encounter,https://cf.geekdo-images.com/S8cE-Ld7XP5sVz-upKJ-Bg__micro/img/FgIh_ZojT_pTwaVROFnSpE2T0WU=/fit-in/64x64/filters:strip_icc()/pic1521633.jpg
17133,Railways of the World,2005,171,7.67,7.354,11910,/boardgame/17133/railways-world,https://cf.geekdo-images.com/Sz0wLg3TgycpzSvSMdzRJA__micro/img/Qp-qTxyFWOjO85ivNk_y3Edtp3w=/fit-in/64x64/filters:strip_icc()/pic3869603.jpg
304783,Hadrian's Wall,2021,172,8.08,7.354,5189,/boardgame/304783/hadrians-wall,https://cf.geekdo-images.com/4XzRDw3VrgNpNfZlzZl66w__micro/img/xt1a3a_3zCXF4Ct6TSwvC7pL-RE=/fit-in/64x64/filters:strip_icc()/pic5608818.png
128882,The Resistance: Avalon,2012,173,7.53,7.352,31369,/boardgame/128882/resistance-avalon,https://cf.geekdo-images.com/LPa6rsGcv8S0-OeNjCOAEQ__micro/img/8M4thDSUeVjibYt8WhfUmbf6qUo=/fit-in/64x64/filters:strip_icc()/pic1398895.jpg
155426,Castles of Mad King Ludwig,2014,174,7.53,7.35,24512,/boardgame/155426/castles-mad-king-ludwig,https://cf.geekdo-images.com/jVAMlNeDMVZakxJPy-lDrQ__micro/img/joXWuXBNjvurP5_dyLrOXNmpy_k=/fit-in/64x64/filters:strip_icc()/pic7229993.jpg
329082,Radlands,2021,175,8.01,7.349,6189,/boardgame/329082/radlands,https://cf.geekdo-images.com/YpQUtpxNtDHBF5eVcwzBtQ__micro/img/v_TmZbg7Vk25dtb67Ysyls642Ns=/fit-in/64x64/filters:strip_icc()/pic6478338.png
199561,Sagrada,2017,176,7.49,7.347,36125,/boardgame/199561/sagrada,https://cf.geekdo-images.com/PZt3EAAGV3dFIVuwMR0AEw__micro/img/2cQEToClZgtLT-oBM_2CH4wq7rs=/fit-in/64x64/filters:strip_icc()/pic3525224.jpg
209418,Dominion (Second Edition),2016,177,7.86,7.346,8066,/boardgame/209418/dominion-second-edition,https://cf.geekdo-images.com/4dmyKfqQm_uxA1-chh4JeQ__micro/img/30Z5fqm3-dLTz1eWj_G9NN2Z43I=/fit-in/64x64/filters:strip_icc()/pic3187001.jpg
70149,Ora et Labora,2011,178,7.69,7.345,10586,/boardgame/70149/ora-et-labora,https://cf.geekdo-images.com/MLvyN4VJ3QNXBKxli8XLiA__micro/img/9X7D00vKQZ4sKrVD2LRjUIV5Lwk=/fit-in/64x64/filters:strip_icc()/pic5089618.jpg
150376,Dead of Winter: A Crossroads Game,2014,179,7.49,7.339,44209,/boardgame/150376/dead-winter-crossroads-game,https://cf.geekdo-images.com/g4mV4BH-ZrhMUVgil-yV1A__micro/img/ZhSCXIt8SnBX5rB2WcwLz3bSM3s=/fit-in/64x64/filters:strip_icc()/pic3016500.jpg
103343,A Game of Thrones: The Board Game (Second Edition),2011,180,7.55,7.339,32611,/boardgame/103343/game-thrones-board-game-second-edition,https://cf.geekdo-images.com/M_7UvwZvuxBVjxdadsa5AA__micro/img/x2rrNnIkbPJ6WRK4RUR-zi_0qPg=/fit-in/64x64/filters:strip_icc()/pic1077906.jpg
31627,Ticket to Ride: Nordic Countries,2007,181,7.63,7.333,13325,/boardgame/31627/ticket-ride-nordic-countries,https://cf.geekdo-images.com/uiLW4kCvt86Tz2woZmIN5g__micro/img/_taodevE-4YoRQ231J4JwiwB7b0=/fit-in/64x64/filters:strip_icc()/pic369616.jpg
25021,Sekigahara: The Unification of Japan,2011,182,8.01,7.333,5324,/boardgame/25021/sekigahara-unification-japan,https://cf.geekdo-images.com/eMJAona-uXwh6t2AcugGEg__micro/img/IbGLMnQuMlEBC2TONqvtLHbEzP8=/fit-in/64x64/filters:strip_icc()/pic1063508.jpg
294484,Unmatched: Cobble & Fog,2020,183,8.07,7.33,5277,/boardgame/294484/unmatched-cobble-fog,https://cf.geekdo-images.com/iyIO6udRfIn0xM1rIxyO2g__micro/img/lPLxfHQhT7cbj28qtOG3OlJJ6mo=/fit-in/64x64/filters:strip_icc()/pic5056685.jpg
123260,Suburbia,2012,184,7.49,7.329,24125,/boardgame/123260/suburbia,https://cf.geekdo-images.com/1YcHesB7LRvCF8i9vgH7qw__micro/img/RcbDE5V0Sq6fJAJ69iUFtdH5G64=/fit-in/64x64/filters:strip_icc()/pic6009608.png
14105,Commands & Colors: Ancients,2006,185,7.77,7.326,8540,/boardgame/14105/commands-colors-ancients,https://cf.geekdo-images.com/qcASDsV-0eNBVipfPhxs7A__micro/img/7sPXRlSq_lQuWl56TEFkW0ee4yo=/fit-in/64x64/filters:strip_icc()/pic132447.jpg
242302,Space Base,2018,186,7.57,7.323,15775,/boardgame/242302/space-base,https://cf.geekdo-images.com/MHhQxXVjiaa6C-04nGiIWw__micro/img/MR0evoX6p51T9Xwc0fz-K2QD2cg=/fit-in/64x64/filters:strip_icc()/pic6640638.jpg
104006,Village,2011,187,7.5,7.322,22301,/boardgame/104006/village,https://cf.geekdo-images.com/5FBIAvZi3Sw8dvmfwwJTjg__micro/img/JzEMolI9R4zQqrQ4aQEa3YlTky8=/fit-in/64x64/filters:strip_icc()/pic2760568.jpg
12,Ra,1999,188,7.5,7.321,20899,/boardgame/12/ra,https://cf.geekdo-images.com/k7lG683LBZdvFyS-FH-MpA__micro/img/KhJhgvXaS2iO0fIatSM9zrHmbcA=/fit-in/64x64/filters:strip_icc()/pic6746812.png
171131,Captain Sonar,2016,189,7.53,7.32,19506,/boardgame/171131/captain-sonar,https://cf.geekdo-images.com/Dpu5nFJu4UUJ4Y50WyKueg__micro/img/74FcqqkSUatvz5C2CkdW2q04UCE=/fit-in/64x64/filters:strip_icc()/pic7069368.jpg
221194,Dinosaur Island,2017,190,7.61,7.32,15024,/boardgame/221194/dinosaur-island,https://cf.geekdo-images.com/hLJv1A1TwrMrLLIJhVpKVA__micro/img/2q4ZXl47RT-ehH3NTN5WBzp--BI=/fit-in/64x64/filters:strip_icc()/pic3429338.png
195421,Near and Far,2017,191,7.71,7.311,9592,/boardgame/195421/near-and-far,https://cf.geekdo-images.com/lm8OOgJupqd3Q-fZ3DsQhw__micro/img/WLjudvcO2mm4wpAyc2LifG9Y7aA=/fit-in/64x64/filters:strip_icc()/pic3605785.jpg
188,Go,2200,192,7.64,7.311,16421,/boardgame/188/go,https://cf.geekdo-images.com/6qAiZwWxSSKP2kFcA80cZg__micro/img/Ix921NmcSJyBLYXo0ZDAXMrNYpk=/fit-in/64x64/filters:strip_icc()/pic1728832.jpg
283155,Calico,2020,193,7.6,7.31,14606,/boardgame/283155/calico,https://cf.geekdo-images.com/t8bTlZmxz6PiskMSjcBHcw__micro/img/kO7NQ8e42oC6yjjk-dvGpGjNjGo=/fit-in/64x64/filters:strip_icc()/pic4815033.jpg
21050,Combat Commander: Europe,2006,194,7.95,7.31,5780,/boardgame/21050/combat-commander-europe,https://cf.geekdo-images.com/uKaL10FK-u9wfYyK6MQaNg__micro/img/Pm-brm-9Pa2sOYk5Xg5pxyovwes=/fit-in/64x64/filters:strip_icc()/pic992459.jpg
126042,Nations,2013,195,7.61,7.309,11959,/boardgame/126042/nations,https://cf.geekdo-images.com/-hn7gA50ci0n7j9u_-jHhA__micro/img/wqK9XigibGoPnVnMR9XimKtdtdI=/fit-in/64x64/filters:strip_icc()/pic1591406.png
148228,Splendor,2014,196,7.43,7.309,73160,/boardgame/148228/splendor,https://cf.geekdo-images.com/rwOMxx4q5yuElIvo-1-OFw__micro/img/VaWkmRffgWdhbynm-GUM4anrlic=/fit-in/64x64/filters:strip_icc()/pic1904079.jpg
182631,Star Realms: Colony Wars,2015,197,7.81,7.308,7558,/boardgame/182631/star-realms-colony-wars,https://cf.geekdo-images.com/FKEjArvFzBTpPJRvU34t8A__micro/img/7QrQVS8Wdk14vfKHa-D9tLgcZ4A=/fit-in/64x64/filters:strip_icc()/pic4324043.jpg
245638,Coimbra,2018,198,7.64,7.308,11022,/boardgame/245638/coimbra,https://cf.geekdo-images.com/JJFHx0RiUBYdy9bHAgVSuA__micro/img/DCHbPk0jG0PdiVSloHcLQANF9Tc=/fit-in/64x64/filters:strip_icc()/pic3956079.jpg
227224,The Red Cathedral,2020,199,7.77,7.306,8499,/boardgame/227224/red-cathedral,https://cf.geekdo-images.com/-PuiCnbxlBzMSjnUegp9AQ__micro/img/jpN4qTmj513YnRF7E5PEa43yuuk=/fit-in/64x64/filters:strip_icc()/pic5556025.jpg
283355,Dune,2019,200,7.97,7.306,6841,/boardgame/283355/dune,https://cf.geekdo-images.com/2fgPg6Be--w97zoycObUgg__micro/img/2GjO7kqAKxAlDzsn93UB7mM9lTc=/fit-in/64x64/filters:strip_icc()/pic4815198.jpg
